<config><server><tcp host="xldlthunder9.rcv.sandai.net" port="80"/></server><priority><level id="0" reporttime="0"/><level id="1" reporttime="0"/><level id="2" reporttime="1"/><level id="3" reporttime="-1"/><level id="4" reporttime="-2"/></priority><stat><event index="4084" key="createtask" priority="1" /><event index="4379" key="volumepageads_click" priority="1" /><event index="4378" key="volumepageads_show" priority="1" /><event index="4377" key="skinbackground_click" priority="1" /><event index="4376" key="skinbackground_show" priority="1" /><event index="4375" key="rightsidelargeads_qingtianzhu_click" priority="1" /><event index="4383" key="mypc_privatespace_click" priority="1" /><event index="4374" key="rightsidelargeads_qingtianzhu_show" priority="1" /><event index="4373" key="bannerads_click" priority="1" /><event index="4372" key="bannerads_show" priority="1" /><event index="4371" key="topdropbigads_click" priority="1" /><event index="4370" key="topdropbigads_show" priority="1" /><event index="4369" key="finishlistaddstar" priority="1" /><event index="4368" key="mystationaddstar" priority="1" /><event index="4367" key="neabyfinishtask" priority="1" /><event index="4365" key="neabystationtab_click" priority="1" /><event index="4366" key="neabycreatetask" priority="1" /><event index="4364" key="mytab_click" priority="1" /><event index="4363" key="nearbyresourcetab_show" priority="1" /><event index="4362" key="nearbyresourcetab_click" priority="1" /><event index="4361" key="batchoperationreportbutton_click" priority="1" /><event index="4360" key="batchoperationdownloadbutton_click" priority="1" /><event index="4359" key="singletaskdownloadbutton_click" priority="1" /><event index="4358" key="logedxl_joinandloginbutton_click" priority="1" /><event index="4356" key="joinsharepage_show" priority="1" /><event index="4357" key="notlogxl_joinandloginbutton_click" priority="1" /><event index="4355" key="size_order" priority="1" /><event index="4354" key="definition_order" priority="1" /><event index="4353" key="default_order" priority="1" /><event index="4352" key="alldownload_click" priority="1" /><event index="4351" key="snifferbringplay" priority="1" /><event index="4350" key="snifferbringnewtaskpanel" priority="1" /><event index="4349" key="immediatelydownload_click" priority="1" /><event index="4348" key="todownload_click" priority="1" /><event index="4347" key="userclosesnifferfloatinglayer" priority="1" /><event index="4345" key="snifferscantimes" priority="1" /><event index="4346" key="non_activeusersclicksnifferbutton" priority="1" /><event index="4344" key="browsertabpage_show" priority="1" /><event index="4342" key="recommendation_click" priority="1" /><event index="4343" key="clicksearchbutton_confirm" priority="1" /><event index="4341" key="searchboxusage" priority="1" /><event index="4340" key="usebookmarkmanager" priority="1" /><event index="4339" key="oneclickimport" priority="1" /><event index="4334" key="sucessaddbookmark" priority="1" /><event index="4333" key="addbookmarkpanel" priority="1" /><event index="4332" key="addbookmark_click" priority="1" /><event index="4331" key="playingrecord" priority="1" /><event index="4329" key="changeabatch_click" priority="1" /><event index="4330" key="playingrecord_click" priority="1" /><event index="4328" key="guessyoumaylike_click" priority="1" /><event index="4327" key="guessyoumaylike_show" priority="1" /><event index="4326" key="movie_detailpage_addcomment" priority="1" /><event index="4325" key="movie_detailpage_praise" priority="1" /><event index="4324" key="movie_detailpage_download" priority="1" /><event index="4322" key="movie_detailpage" priority="1" /><event index="4323" key="movie_detailpage_onlineview" priority="1" /><event index="4321" key="topicpage_vedio" priority="1" /><event index="4320" key="topic_detailpage" priority="1" /><event index="4319" key="topiclist_topic" priority="1" /><event index="4318" key="resourcetopiclist" priority="1" /><event index="4317" key="click_weeklyhotseacherlist" priority="1" /><event index="4316" key="click_moviessection" priority="1" /><event index="4315" key="moviessection" priority="1" /><event index="4314" key="click_hotgamesection_more" priority="1" /><event index="4313" key="click_hotgamesection" priority="1" /><event index="4312" key="hotgamesection" priority="1" /><event index="4311" key="video_detailpage_addcomments" priority="1" /><event index="4310" key="video_detailpage_praise" priority="1" /><event index="4309" key="video_detailpage_viewcomments" priority="1" /><event index="4308" key="video_detailpage" priority="1" /><event index="4307" key="click_listpagevideo" priority="1" /><event index="4306" key="shortvideolistpage" priority="1" /><event index="4305" key="click_shortvideosection" priority="1" /><event index="4304" key="shortvideosection" priority="1" /><event index="4303" key="broadbandspeeddevice" priority="1" /><event index="4302" key="click_broadbandspeeddevice" priority="1" /><event index="4301" key="xunleiyangtai_show" priority="1" /><event index="4300" key="click_xunleiyangtai" priority="1" /><event index="4298" key="addressbar" priority="1" /><event index="4299" key="righttoolshow" priority="1" /><event index="4297" key="navigation_more_position9" priority="1" /><event index="4296" key="navigation_more_position8" priority="1" /><event index="4295" key="navigation_more_position7" priority="1" /><event index="4294" key="navigation_more_position6" priority="1" /><event index="4293" key="navigation_more_position5" priority="1" /><event index="4292" key="navigation_more_position4" priority="1" /><event index="4291" key="navigation_more_position3" priority="1" /><event index="4290" key="navigation_more_position2" priority="1" /><event index="4289" key="navigation_more_position1" priority="1" /><event index="4288" key="navigation_more" priority="1" /><event index="4287" key="navigationposition6" priority="1" /><event index="4286" key="lixianxiazai_webversion" priority="1" /><event index="4285" key="navigationposition5" priority="1" /><event index="4284" key="navigationposition4" priority="1" /><event index="4283" key="navigationposition3" priority="1" /><event index="4282" key="navigationposition2" priority="1" /><event index="4281" key="cposition1" priority="1" /><event index="4280" key="righthomepage" priority="1" /><event index="4277" key="dustbinrightkeymenu" priority="1" /><event index="4276" key="privatespace_set" priority="1" /><event index="4275" key="removeoutofprivatespace" priority="1" /><event index="4404" key="loginpanel_click_login" priority="1" /><event index="4273" key="deletenotexisttask" priority="1" /><event index="4272" key="setdefaultstoragedirectory" priority="1" /><event index="4402" key="xl9_freemodelworktime" priority="1" /><event index="4271" key="completedrightkeymenu" priority="1" /><event index="4269" key="batchhuiyuanjiasubutton" priority="1" /><event index="4403" key="movetobottom" priority="1" /><event index="4268" key="click_huiyuanjiasubutton" priority="1" /><event index="4266" key="movetotop" priority="1" /><event index="4265" key="downloadingrightkeymenu" priority="1" /><event index="4264" key="downloadorder" priority="1" /><event index="4263" key="order" priority="1" /><event index="4262" key="details" priority="1" /><event index="4261" key="copydownloadline" priority="1" /><event index="4260" key="sharetomicroblog" priority="1" /><event index="4259" key="redownload" priority="1" /><event index="4258" key="copyfiletootherdirectory" priority="1" /><event index="4257" key="movetasktootherdirectory" priority="1" /><event index="4256" key="movetasktoprivatespace" priority="1" /><event index="4255" key="multiselect" priority="1" /><event index="4253" key="rename" priority="1" /><event index="4254" key="select_all" priority="1" /><event index="4252" key="openfile" priority="1" /><event index="4251" key="openfolder" priority="1" /><event index="4401" key="xl9_finishtask" priority="1" /><event index="4249" key="taskbar_quitxl9" priority="1" /><event index="4248" key="taskbar_doubleclickopenxl9" priority="1" /><event index="4247" key="nodown_hidefloat" priority="1" /><event index="4246" key="xl9_trayhidefloat" priority="1" /><event index="4245" key="trayshowfloat" priority="1" /><event index="4244" key="xl9_traypause" priority="1" /><event index="4243" key="xl9_traystart" priority="1" /><event index="4242" key="xl9_traymainshow" priority="1" /><event index="4241" key="xl9_trayopen" priority="1" /><event index="4240" key="trayquitxl9" priority="1" /><event index="4239" key="traymenu" priority="1" /><event index="4238" key="userforum" priority="1" /><event index="4237" key="helpcenter" priority="1" /><event index="4236" key="aboutxl9_panel" priority="1" /><event index="4235" key="click_aboutxl9" priority="1" /><event index="4234" key="more" priority="1" /><event index="4233" key="quit" priority="1" /><event index="4232" key="xl9_updatesuccess" priority="1" /><event index="4231" key="mainmenuupdate" priority="1" /><event index="4230" key="xl9_feedback" priority="1" /><event index="4229" key="settingcenter" priority="1" /><event index="4228" key="openstart" priority="1" /><event index="4400" key="downloadfailedreasons" priority="1" /><event index="4226" key="mainmenu" priority="1" /><event index="4225" key="floatmonitor_quit" priority="1" /><event index="4224" key="pausealltask" priority="1" /><event index="4223" key="startalltask" priority="1" /><event index="4222" key="recentlyfinished" priority="1" /><event index="4221" key="selecttasks" priority="1" /><event index="4220" key="maininterfaceshow" priority="1" /><event index="4219" key="selectshow_floatmonitor" priority="1" /><event index="4218" key="downshow_floatmonitor" priority="1" /><event index="4217" key="floatmonitor_off" priority="1" /><event index="4216" key="floatmonitor_show" priority="1" /><event index="4215" key="afterdown_exitthunder" priority="1" /><event index="4214" key="afterdown_sleep" priority="1" /><event index="4213" key="afterdown_shutdown" priority="1" /><event index="4212" key="plantask" priority="1" /><event index="4211" key="freetimedownload" priority="1" /><event index="4210" key="speedlimitdownload" priority="1" /><event index="4209" key="fullspeeddownload" priority="1" /><event index="4399" key="floatmonitorrunningminutes" priority="1" /><event index="4208" key="downloadplan" priority="1" /><event index="4205" key="dustbin" priority="1" /><event index="4204" key="selectencryptlocalfile" priority="1" /><event index="4203" key="privatetaskmanage" priority="1" /><event index="4202" key="hiddenlocalfile" priority="1" /><event index="4201" key="findoutprivatepassword" priority="1" /><event index="4200" key="inquirypasswordeverytime" priority="1" /><event index="4199" key="cancelprivatepassword" priority="1" /><event index="4198" key="privatespace_setpassword" priority="1" /><event index="4197" key="privatespace_setbt_panel" priority="1" /><event index="4196" key="privatespace_setbt_click" priority="1" /><event index="4195" key="taskdirectorysavetoprivatespace" priority="1" /><event index="4398" key="effectivedurationonline" priority="1" /><event index="4193" key="doubleclicktaskpullplaypanel" priority="1" /><event index="4192" key="doubleclick_finishedtask" priority="1" /><event index="4191" key="click_finishedtask" priority="1" /><event index="4190" key="opendirectory" priority="1" /><event index="4189" key="finished_panel" priority="1" /><event index="4188" key="xiazaibao" priority="1" /><event index="4397" key="maininterfaceEffectivelyshow" priority="1" /><event index="4186" key="mycomputer" priority="1" /><event index="4185" key="myequipment_show" priority="1" /><event index="4184" key="vipset_downloadautohuiyuanjiasu" priority="1" /><event index="4183" key="basicset_freedownload" priority="1" /><event index="4182" key="basicset_limitspeeddownload" priority="1" /><event index="4181" key="basicset_fullspeeddownload" priority="1" /><event index="4180" key="windowsbuildthunderdown" priority="1" /><event index="4179" key="autodirectorylasttime" priority="1" /><event index="4178" key="selectdirectory" priority="1" /><event index="4177" key="defaultimmediatelydownload" priority="1" /><event index="4176" key="onlymonitorchrombrowser" priority="1" /><event index="4175" key="onlymonitoriebrowser" priority="1" /><event index="4174" key="monitorallbrowsers" priority="1" /><event index="4173" key="directlycreatetask" priority="1" /><event index="4172" key="nodisturbmode" priority="1" /><event index="4170" key="settingcenter_panel" priority="1" /><event index="4171" key="xl9_runturnonpc" priority="1" /><event index="4169" key="tool_settingcenter" priority="1" /><event index="4168" key="tool_adddevice" priority="1" /><event index="4167" key="tool_openprivatespace" priority="1" /><event index="4166" key="searchdownrecords" priority="1" /><event index="4165" key="completelydelete" priority="1" /><event index="4164" key="tool_more" priority="1" /><event index="4163" key="xl9_delete" priority="1" /><event index="4162" key="pause" priority="1" /><event index="4161" key="down" priority="1" /><event index="4160" key="addbatchtasks" priority="1" /><event index="4159" key="addbttask" priority="1" /><event index="4158" key="immediatelydownloadbutton_click" priority="1" /><event index="4157" key="nolongershowcreatetaskpanel_click" priority="1" /><event index="4156" key="createtaskpanel_show" priority="1" /><event index="4155" key="createtask_click" priority="1" /><event index="4154" key="xlvipofficialwebsite_show" priority="1" /><event index="4153" key="novip_click_zhifubutton" priority="1" /><event index="4152" key="vip_click_zhifubutton" priority="1" /><event index="4151" key="novipkaitongzhifuminipage_show" priority="1" /><event index="4150" key="vipxufeizhifuminipage_show" priority="1" /><event index="4149" key="novip_click_menupagetijiaobutton" priority="1" /><event index="4148" key="vip_click_menupagetijiaobutton" priority="1" /><event index="4147" key="novip_kaitongmenupage_show" priority="1" /><event index="4146" key="vip_xufeimenupage_show" priority="1" /><event index="4145" key="syend_kthytips_click" priority="1" /><event index="4144" key="syend_kthytips_show" priority="1" /><event index="4143" key="sy20s_kthytips_click" priority="1" /><event index="4141" key="huiyuanjiasushiyong_end" priority="4" /><event index="4142" key="sy20s_kthytips_show" priority="1" /><event index="4140" key="huiyuanjiasushiyong_sucess" priority="4" /><event index="4581" key="huiyuanjiasushiyong_hovershow" priority="1" /><event index="4139" key="huiyuanjiasushiyong_click" priority="1" /><event index="4138" key="huiyuanjiasushiyong_show" priority="1" /><event index="4137" key="novip_click_minipagekaitongbutton" priority="1" /><event index="4136" key="vip_click_minipage_xufeibutton" priority="1" /><event index="4135" key="vipminipage_show" priority="1" /><event index="4134" key="novip_click_speedrightsidehuiyuanjiasuwenzilian" priority="1" /><event index="4133" key="expiredvip_click_vipbutton" priority="1" /><event index="4132" key="notvip_click_vipbutton" priority="1" /><event index="4131" key="notlogged_click_vipbutton" priority="1" /><event index="4130" key="vip_click_vipbutton" priority="1" /><event index="4129" key="loggedvip_click_vipicon" priority="1" /><event index="4128" key="lognovip_click_vipicon" priority="1" /><event index="4127" key="pullupplaypanel" priority="1" /><event index="4126" key="bianxiabianbo_click" priority="1" /><event index="4125" key="bianxiabianbo_show" priority="4" /><event index="4124" key="taskextensiontextline_click" priority="1" /><event index="4123" key="7dayexpiredviprighttipsno_click" priority="1" /><event index="4122" key="7dayexpiredviprighttipsxufei_click" priority="1" /><event index="4121" key="7dayexpiredviprightxufeitips_show" priority="1" /><event index="4120" key="7dayexpiredvipxufeibutton_click" priority="1" /><event index="4119" key="7dayexpiredvipxufeibutton_show" priority="1" /><event index="4118" key="nologclick_huiyuanjiasu" priority="1" /><event index="4117" key="lognovipclick_huiyuanjiasu" priority="1" /><event index="4091" key="click_cell_loginpanel" priority="1" /><event index="4092" key="login_third_success" priority="1" /><event index="4093" key="login_sucess" priority="1" /><event index="4094" key="login_failure" priority="1" /><event index="4095" key="xl9_logout" priority="1" /><event index="4096" key="forgotpassword" priority="1" /><event index="4097" key="registereaccount" priority="1" /><event index="4098" key="registerepanel" priority="1" /><event index="4099" key="registeresucess" priority="1" /><event index="4100" key="leftcenter_logged" priority="1" /><event index="4101" key="logged_notviphoverlayer" priority="1" /><event index="4102" key="loggedviphoverlayer" priority="1" /><event index="4103" key="hoverlayer_sign" priority="1" /><event index="4104" key="loggedviphoverlayer_xufei" priority="1" /><event index="4105" key="logged_notviphoverlayer_ktvip" priority="1" /><event index="4106" key="hoverlayer_adtext" priority="1" /><event index="4107" key="click_iconnickname" priority="1" /><event index="4108" key="xl_personalcenter" priority="1" /><event index="4109" key="xl_personalcenterclick" priority="1" /><event index="4110" key="downloading_click" priority="1" /><event index="4111" key="downloadingpanel_show" priority="1" /><event index="4112" key="hovertaskhuiyuanjiasuwenzilian_show" priority="1" /><event index="4113" key="novip_click_hovertaskhuiyuanjiasuwenzilian" priority="1" /><event index="4114" key="vip_click_hovertaskhuiyuanjiasuwenzilian" priority="1" /><event index="4115" key="taskextension" priority="1" /><event index="4116" key="vipclick_huiyuanjiasu" priority="1" /><event index="4086" key="leftcenter_notlogged" priority="1" /><event index="4090" key="cell_loginpanel_show" priority="1" /><event index="4087" key="leftcenter_clicklogin" priority="1" /><event index="4088" key="loginpanel_show" priority="1" /><event index="4380" key="rightfloatinganimationads_show" priority="1" /><event index="4381" key="rightfloatinganimationads_click" priority="1" /><event index="4382" key="xl9_close_ads_click" priority="1" /><event index="4384" key="privatespace_show" priority="1" /><event index="4385" key="dustbin_empty" priority="1" /><event index="4386" key="dustbin_restore" priority="1" /><event index="4387" key="mainmenu_inputunfinish" priority="1" /><event index="4388" key="all_rightkeymenu_show" priority="1" /><event index="4389" key="downingmenu_inputunfinish" priority="1" /><event index="4390" key="private_rightkeymenu" priority="1" /><event index="4391" key="dustbinmenu_restore" priority="1" /><event index="4392" key="dustbinmenu_empty" priority="1" /><event index="4393" key="bookmarklist_show" priority="1" /><event index="4394" key="bookmarklist_click" priority="1" /><event index="4395" key="importbookmarks_click" priority="1" /><event index="4396" key="importbookmarks_show" priority="1" /><event index="4435" key="xl9_start" priority="1" /><event index="4505" key="addedtab_click" priority="1" /><event index="4506" key="topright_reducingdown" priority="1" /><event index="4507" key="secondscreen_show " priority="1" /><event index="4528" key="novip_show_speedrightsidehuiyuanjiasuwenzilian" priority="1" /><event index="4529" key="sybefore_bottomright_popupwindow_show" priority="1" /><event index="4530" key="sybefore_bottomright_popupwindow_click" priority="1" /><event index="4531" key="sybefore_bottomright_popupwindow_close" priority="1" /><event index="4532" key="sy20s_bottomright_popupwindow_show" priority="1" /><event index="4533" key="sy20s_bottomright_popupwindow_click" priority="1" /><event index="4534" key="sy20s_bottomright_popupwindow_close" priority="1" /><event index="4535" key="syend_bottomright_popupwindow_show" priority="1" /><event index="4536" key="syend_bottomright_popupwindow_click" priority="1" /><event index="4537" key="syend_bottomright_popupwindow_close" priority="1" /><event index="4538" key="sy5m_bottomright_popupwindow_show" priority="1" /><event index="4539" key="sy5m_bottomright_popupwindow_click" priority="1" /><event index="4540" key="sy5m_bottomright_popupwindow_close" priority="1" /><event index="4541" key="leftdownload_minimize" priority="1" /><event index="4542" key="leftdownload_recover" priority="1" /><event index="4543" key="toleft_narrow_click" priority="1" /><event index="4544" key="toright_on_click" priority="1" /><event index="4545" key="huiyuanjiasu_show" priority="1" /><event index="4546" key="rightallhomepage_show" priority="1" /><event index="4547" key="leftright_click" priority="1" /><event index="4548" key="showclickimport_click" priority="1" /><event index="4550" key="offlinespaceposition_click" priority="1" /><event index="4551" key="snifferlogo_click" priority="1" /><event index="4552" key="sniffersearchbox_click" priority="1" /><event index="4553" key="sniffermasked_show" priority="1" /><event index="4554" key="bulletscreen_hoverclick" priority="1" /><event index="4555" key="bulletscreen_show " priority="1" /><event index="4556" key="bulletscreenresource_click" priority="1" /><event index="4557" key="shortvideo_show" priority="1" /><event index="4558" key="shortvideo_leftrightkeyclick" priority="1" /><event index="4559" key="shortvideo_click" priority="1" /><event index="4560" key="shortvideo_allclick" priority="1" /><event index="4561" key="sitenavigation_show" priority="1" /><event index="4562" key="sitenavigation_leftrightkeyclick" priority="1" /><event index="4563" key="gamerecommended_show " priority="1" /><event index="4564" key="gamerecommended_click" priority="1" /><event index="4565" key="todayhotplay_show" priority="1" /><event index="4566" key="todayhotplay_leftrightkeyclick" priority="1" /><event index="4567" key="todayhotplay_click" priority="1" /><event index="4568" key="subjectrecommended_show" priority="1" /><event index="4569" key="subjectrecommended_leftrightkeyclick" priority="1" /><event index="4570" key="sitenavigation_click" priority="1" /><event index="4571" key="snifferf_recommendeddetails_click" priority="1" /><event index="4572" key="guessyoulike__leftrightkeyclick" priority="1" /><event index="4573" key="snifferf_guessyoulike_click" priority="1" /><event index="4574" key="allchannel_click" priority="1" /><event index="4575" key="discover_show" priority="1" /><event index="4576" key="discover_leftrightkeyclick" priority="1" /><event index="4577" key="discover_click" priority="1" /><event index="4578" key="bottomtab_hovershow " priority="1" /><event index="4579" key="bottomtab_click" priority="1" /><event index="4580" key="downloadtaskstop" priority="1" /><event index="4582" key="huiyuanjiasushiyong_hoverclick" priority="1" /><event index="4583" key="xiaohuangtiaoads_show" priority="1" /><event index="4584" key="xiaohuangtiaoads_click" priority="1" /><event index="4585" key="xiaohuangtiaoads_close" priority="1" /><event index="4586" key="tablasthistoryads_click" priority="1" /><event index="4602" key="highspeedinfo" priority="1" /><event index="4603" key="highspeedserverinfo" priority="1" /><event index="4607" key="kuainiao" priority="1" /><event index="4608" key="vip_event" priority="1" /><event index="4609" key="login_register" priority="1" /><event index="4610" key="near" priority="1" /><event index="4611" key="person_center" priority="1" /><event index="4612" key="ad_event" priority="1" /><event index="4613" key="core_operate" priority="1" /><event index="4614" key="taskbar" priority="1" /><event index="4615" key="task_right_menu" priority="1" /><event index="4616" key="xl9_settings" priority="1" /><event index="4617" key="person_space" priority="1" /><event index="4618" key="tuopan_right_menu" priority="1" /><event index="4619" key="float_monitor" priority="1" /><event index="4620" key="right_area" priority="1" /><event index="4621" key="menu" priority="1" /><event index="4622" key="download_pannel" priority="1" /><event index="4647" key="ad_laqu" priority="1" /><event index="4648" key="adp" priority="1" /><event index="4649" key="ad" priority="1" /><event index="4691" key="bdy_parse" priority="1" /><event index="4720" key="performance_watch" priority="1" /><event index="4839" key="xl9_browser" priority="1" /><event index="4868" key="xl9_jiuwo" priority="1" /><event index="4870" key="xl9_xiazaibao" priority="1" /><event index="5090" key="xlplayer" priority="1" /><event index="5118" key="xl9_client" priority="1" /><event index="5151" key="community" priority="1" /><event index="5155" key="download_detail" priority="1" /><event index="5156" key="filmlib" priority="1" /><event index="5157" key="clienttop" priority="1" /><event index="5167" key="business" priority="1" /><event index="5169" key="download_leftpanel" priority="1" /><event index="5183" key="xlx_ad_event" priority="1" /><event index="5182" key="xlx_vip_event" priority="1" /><event index="5195" key="xl9_zb_event" priority="1" /></stat></config>