<?xml version="1.0" encoding="UTF-8"?>
<!DOCTYPE mapper PUBLIC "-//mybatis.org//DTD Mapper 3.0//EN" "http://mybatis.org/dtd/mybatis-3-mapper.dtd">
<mapper namespace="com.zhuangjie.docker.mapper.UserMapper">
    <resultMap id="BaseResultMap" type="com.zhuangjie.docker.entities.User">
        <!--
          WARNING - @mbg.generated
        -->
        <id column="id" jdbcType="INTEGER" property="id" />
        <result column="username" jdbcType="VARCHAR" property="username" />
        <result column="password" jdbcType="VARCHAR" property="password" />
        <result column="sex" jdbcType="TINYINT" property="sex" />
        <result column="deleted" jdbcType="TINYINT" property="deleted" />
        <result column="update_time" jdbcType="TIMESTAMP" property="updateTime" />
        <result column="create_time" jdbcType="TIMESTAMP" property="createTime" />
    </resultMap>
</mapper>
