{"ts":1674908239756,"data":{"Config":"s{\"isRedirectEnable\":false,\"isAdsEnable\":true,\"isAutopage\":true,\"isBlockEnable\":false,\"isBlockDisplay\":false,\"isBlockBtnNotDisplay\":false,\"AdsStyleEnable\":true,\"baidu\":{\"name\":\"baidu\",\"AdsStyleMode\":\"3\",\"HuYanMode\":true,\"defaultBgUrl\":\"\",\"BgFit\":true},\"google\":{\"name\":\"google\",\"AdsStyleMode\":\"3\",\"HuYanMode\":false,\"defaultBgUrl\":\"\",\"BgFit\":true},\"bing\":{\"name\":\"bing\",\"AdsStyleMode\":\"3\",\"HuYanMode\":false,\"defaultBgUrl\":\"\",\"BgFit\":true},\"duck\":{\"name\":\"duck\",\"AdsStyleMode\":\"3\",\"HuYanMode\":false},\"doge\":{\"name\":\"doge\",\"AdsStyleMode\":\"3\",\"HuYanMode\":false},\"sogou\":{\"name\":\"sogou\",\"AdsStyleMode\":\"1\",\"HuYanMode\":false},\"zhihu\":{\"name\":\"zhihu\",\"AdsStyleMode\":\"0\",\"HuYanMode\":false},\"other\":{\"name\":\"other\",\"AdsStyleMode\":\"0\",\"HuYanMode\":false},\"Style_BaiduLite\":false,\"defaultHuYanColor\":\"#DEF1EF\",\"isUserColorEnable\":true,\"isFaviconEnable\":true,\"defaultFaviconUrl\":\"https://ae01.alicdn.com/kf/HTB1dRY0X8OD3KVjSZFFq6An9pXay.jpg\",\"doDisableSug\":true,\"isRightDisplayEnable\":true,\"isCounterEnable\":false,\"isALineEnable\":false,\"isUserStyleEnable\":false,\"normalizeDuck\":true,\"acceptLicense\":true,\"isEnLang\":false,\"isGooleInBaiduModeEnable\":false,\"UserBlockList\":[],\"UserStyleText\":\"/**计数器的颜色样式*/\\ndiv .AC-CounterT{\\n  background: #FD9999;\\n}\\n/**百度样式区域**/\\nbody[baidu] {\\n  position: relative;\\n  \\n  /**右侧栏的样式-其实不开启更好看一些*/\\n  #content_right{\\n    padding: 20px 15px 15px !important;\\n    border-radius: 5px;\\n    background-color: #FFFFFF66;\\n    box-sizing: border-box;\\n    box-shadow: 0 0 20px 2px rgba(0, 0, 0, .1);\\n    -webkit-box-shadow: 0 0 20px 2px rgba(0, 0, 0, .1);\\n    -moz-box-shadow: 0 0 20px 2px rgba(0, 0, 0, .1);\\n  }\\n  &:before{\\n    position: fixed;\\n    width: 100%;\\n    height: 100%;\\n    top: 0;\\n    left: 0;\\n    content: '';\\n    background-image: url('https://img.tujidu.com/image/620210010b2cd.jpg');\\n    background-size: 100% auto;\\n    opacity: 0.6; /*背景图透明度=0.8，最大1*/\\n  }\\n  \\n  /**隐藏首页的大图标-修复可能导致外援样式异常**/\\n  #s_lg_img_new{\\n    display:none !important;\\n  }\\n  \\n  #wrapper #s_tab {\\n    background-color: rgba(248, 248, 248, 0.4);\\n  }\\n  \\n  #content_left>.c-container{\\n    border-radius: 5px;\\n    background-color: rgba(255,255,255, 0.6) !important; /*百度搜索块体的颜色；透明度=0.1，最大1*/\\n    \\n    h3{\\n      background-color: rgba(248,248,248, 0.6) !important; /*百度搜索块体 - 标题的颜色；透明度=0.1，最大1*/\\n    }\\n  }\\n}\\nbody[google] {\\n\\n  &:before {\\n    position: fixed;\\n    width: 100%;\\n    height: 100%;\\n    top: 0;\\n    left: 0;\\n    content: '';\\n    background-image: url('https://img.tujidu.com/image/620210010b2cd.jpg');\\n    background-size: 100% auto;\\n    opacity: 0.8; /*背景图透明度=0.8，最大1*/\\n  }\\n  \\n  #rso .g, .sfbg, .f6F9Be, .k8XOCe {\\n    background-color: rgba(248,248,248, 0.6) !important; \\n  }\\n  \\n  .sfbg{\\n    margin-top: -10px;\\n  }\\n  \\n  .yg51vc{\\n    background-color: transparent !important; \\n  }\\n}\\n\\n\",\"oldVersion\":\"26.03\",\"lastSaveTime\":1669650205849}"}}