{"options":{"check_for_updates":true,"comment":null,"compat_foreach":false,"compat_metadata":false,"compat_powerful_this":null,"compat_wrappedjsobject":false,"compatopts_for_requires":true,"noframes":null,"override":{"merge_connects":true,"merge_excludes":true,"merge_includes":true,"merge_matches":true,"orig_excludes":[],"orig_includes":[],"orig_matches":["https://blog.csdn.net/*/article/details/*"],"orig_noframes":null,"orig_run_at":"document-idle","use_blockers":[],"use_connects":[],"use_excludes":[],"use_includes":[],"use_matches":[]},"run_at":null,"sandbox":null,"tab_types":null,"unwrap":null},"settings":{"enabled":true,"position":8},"meta":{"name":"CSDN免登录复制","uuid":"49f1e08b-84f2-472f-b833-af1c192ca107","modified":1629375520038,"file_url":"https://greasyfork.org/scripts/411919-csdn%E5%85%8D%E7%99%BB%E5%BD%95%E5%A4%8D%E5%88%B6/code/CSDN%E5%85%8D%E7%99%BB%E5%BD%95%E5%A4%8D%E5%88%B6.user.js"}}