{"options":{"check_for_updates":true,"comment":null,"compat_foreach":false,"compat_metadata":false,"compat_powerful_this":null,"compat_wrappedjsobject":false,"compatopts_for_requires":true,"noframes":null,"override":{"merge_connects":true,"merge_excludes":true,"merge_includes":true,"merge_matches":true,"orig_connects":[],"orig_excludes":[],"orig_includes":[],"orig_matches":["*://*/*"],"orig_noframes":null,"orig_run_at":"document-start","use_blockers":[],"use_connects":[],"use_excludes":["/^[^:/#?]*:\\/\\/([^#?/]*\\.)?www\\.douyin\\.com(:[0-9]{1,5})?\\/.*$/","/^[^:/#?]*:\\/\\/([^#?/]*\\.)?chat\\.openai\\.com(:[0-9]{1,5})?\\/.*$/"],"use_includes":[],"use_matches":[]},"run_at":null,"sandbox":null,"tab_types":null,"unwrap":null},"settings":{"enabled":false,"position":9},"meta":{"name":"HTML5视频播放器增强脚本","uuid":"e754e29a-0acf-4629-a020-554fe46e789c","modified":1677170422865,"file_url":"https://greasyfork.org/scripts/381682-html5%E8%A7%86%E9%A2%91%E6%92%AD%E6%94%BE%E5%99%A8%E5%A2%9E%E5%BC%BA%E8%84%9A%E6%9C%AC/code/HTML5%E8%A7%86%E9%A2%91%E6%92%AD%E6%94%BE%E5%99%A8%E5%A2%9E%E5%BC%BA%E8%84%9A%E6%9C%AC.user.js"}}