{"ts":1677761646968,"data":{"__monkeyMsgBroadcast__":"o{\"data\": {},\"tabId\": 5850,\"title\": \"面试题 - GitMind\",\"referrer\": {\"ancestorOrigins\": {\"length\": 0},\"href\": \"https://gitmind.cn/app/docs/mclc4l3u\",\"origin\": \"https://gitmind.cn\",\"protocol\": \"https:\",\"host\": \"gitmind.cn\",\"hostname\": \"gitmind.cn\",\"port\": \"\",\"pathname\": \"/app/docs/mclc4l3u\",\"search\": \"\",\"hash\": \"\"},\"updateTime\": 1677761646110}","_global_id_":"n5910","_h5player_enhance_unfoldMenu":"bfalse","_h5player_media_playbackRate":"n1","globalKeydownEvent":"o{\"data\": {\"isTrusted\": true,\"key\": \"r\",\"code\": \"KeyR\",\"location\": 0,\"ctrlKey\": true,\"shiftKey\": false,\"altKey\": false,\"metaKey\": false,\"repeat\": false,\"isComposing\": false,\"charCode\": 0,\"keyCode\": 82,\"DOM_KEY_LOCATION_STANDARD\": 0,\"DOM_KEY_LOCATION_LEFT\": 1,\"DOM_KEY_LOCATION_RIGHT\": 2,\"DOM_KEY_LOCATION_NUMPAD\": 3,\"detail\": 0,\"which\": 82,\"type\": \"keydown\",\"eventPhase\": 1,\"bubbles\": true,\"cancelable\": true,\"defaultPrevented\": false,\"composed\": true,\"timeStamp\": 86057274.4,\"returnValue\": true,\"cancelBubble\": false,\"NONE\": 0,\"CAPTURING_PHASE\": 1,\"AT_TARGET\": 2,\"BUBBLING_PHASE\": 3},\"tabId\": 5850,\"title\": \"面试题 - GitMind\",\"referrer\": {\"ancestorOrigins\": {\"length\": 0},\"href\": \"https://gitmind.cn/app/docs/mclc4l3u\",\"origin\": \"https://gitmind.cn\",\"protocol\": \"https:\",\"host\": \"gitmind.cn\",\"hostname\": \"gitmind.cn\",\"port\": \"\",\"pathname\": \"/app/docs/mclc4l3u\",\"search\": \"\",\"hash\": \"\"},\"updateTime\": 1677761646968}","globalPictureInPictureInfo":"o{\"data\": {\"usePictureInPicture\": false},\"tabId\": 5530,\"title\": \"05_程序计数器_作用_哔哩哔哩_bilibili\",\"referrer\": {\"ancestorOrigins\": {\"length\": 0},\"href\": \"https://www.bilibili.com/video/BV1yE411Z7AP/?p=5&spm_id_from=pageDriver&vd_source=efcb6bee91cb11215a6c31f8ee75f85c\",\"origin\": \"https://www.bilibili.com\",\"protocol\": \"https:\",\"host\": \"www.bilibili.com\",\"hostname\": \"www.bilibili.com\",\"port\": \"\",\"pathname\": \"/video/BV1yE411Z7AP/\",\"search\": \"?p=5&spm_id_from=pageDriver&vd_source=efcb6bee91cb11215a6c31f8ee75f85c\",\"hash\": \"\"},\"updateTime\": 1677235563053}","videoDetected":"o{\"data\": {\"src\": \"\"},\"tabId\": \"undefined\",\"title\": \"Try LINER -- The one tool you need to build your web with LINER AI powered by ChatGPT - YouTube\",\"referrer\": {\"ancestorOrigins\": {\"0\": \"https://chrome.google.com\",\"length\": 1},\"href\": \"https://www.youtube.com/embed/QocGxCRZLXE?rel=0&wmode=opaque&enablejsapi=1\",\"origin\": \"https://www.youtube.com\",\"protocol\": \"https:\",\"host\": \"www.youtube.com\",\"hostname\": \"www.youtube.com\",\"port\": \"\",\"pathname\": \"/embed/QocGxCRZLXE\",\"search\": \"?rel=0&wmode=opaque&enablejsapi=1\",\"hash\": \"\"},\"updateTime\": 1677676585773}"}}