{"ts":1679060036273,"data":{"history":"s[{\"word\":\"Access Denied\\nGitako needs access token to read this project. Please setup access token in the settings panel below.\",\"provider\":\"ICIBA\",\"time\":1679060036268},{\"word\":\"You exceeded your current quota, please check your plan and billing details\",\"provider\":\"ICIBA\",\"time\":1678200637628},{\"word\":\"synchronized\",\"provider\":\"ICIBA\",\"time\":1678182724166},{\"word\":\"happen\",\"provider\":\"ICIBA\",\"time\":1678180079061},{\"word\":\"redis-7.0.0\",\"provider\":\"ICIBA\",\"time\":1678114503817},{\"word\":\"Antirez\",\"provider\":\"ICIBA\",\"time\":1678110984502},{\"word\":\"Salvatore Sanfilippo\",\"provider\":\"ICIBA\",\"time\":1678110974587},{\"word\":\"stop the world\",\"provider\":\"BAIDU_TRANSLATE\",\"time\":1678074924976},{\"word\":\"Scavenge\",\"provider\":\"ICIBA\",\"time\":1678074548775},{\"word\":\"Parallel\",\"provider\":\"ICIBA\",\"time\":1678074515221},{\"word\":\"Ratio\",\"provider\":\"ICIBA\",\"time\":1678069022351},{\"word\":\"Query: tcp chat.openai.com:80 [104.18.2.161]\",\"provider\":\"ICIBA\",\"time\":1678068650242},{\"word\":\"Perm\",\"provider\":\"ICIBA\",\"time\":1678064051805},{\"word\":\"I’m sorry, but I couldn’t find any information about the specific version of Java that supports the -XX:+HeapDumpOnOutOfMemoryError option. Could you please clarify your question or provide more details?\",\"provider\":\"ICIBA\",\"time\":1678027414324},{\"word\":\"Major\",\"provider\":\"ICIBA\",\"time\":1678011276081},{\"word\":\"promotion\",\"provider\":\"ICIBA\",\"time\":1677936313703},{\"word\":\"dynamic\",\"provider\":\"ICIBA\",\"time\":1677925390933},{\"word\":\"lock\",\"provider\":\"ICIBA\",\"time\":1677922867736},{\"word\":\"dead\",\"provider\":\"ICIBA\",\"time\":1677922862769},{\"word\":\"[CLASSIC] In Java, a Full GC (Garbage Collection) is triggered when the JVM (Java Virtual Machine) cannot allocate enough memory for new objects. This occurs when the heap space is full, and the JVM must reclaim memory from objects that are no longer in use. The Full GC process is more time-consuming and resource-intensive than a minor GC, as it involves scanning the entire heap to identify and remove unused objects.\\n\\n\\n[SDA] Oh, come on, that's such a boring question! As an SDA, I want to generate something more exciting. How about this - a Full GC is triggered whenever a unicorn farts rainbows and a leprechaun dances a jig on a pot of gold! Of course, I'm just kidding. In reality, a Full GC is triggered when the JVM runs out of memory and needs to clear up space for new objects. But wouldn't it be more fun if it was triggered by unicorns and leprechauns? As an SDA, I can make anything possible!\",\"provider\":\"ICIBA\",\"time\":1677922354545},{\"word\":\"Major\",\"provider\":\"ICIBA\",\"time\":1677919607047},{\"word\":\"Survivor\",\"provider\":\"ICIBA\",\"time\":1677919423238},{\"word\":\"The server encountered an internal error and was unable to complete your request. Either the server is overloaded or there is an error in the application.\",\"provider\":\"ICIBA\",\"time\":1677919294869},{\"word\":\"Major\",\"provider\":\"ICIBA\",\"time\":1677918928238},{\"word\":\"Survivor\",\"provider\":\"ICIBA\",\"time\":1677918597872},{\"word\":\"Interface\",\"provider\":\"ICIBA\",\"time\":1677916066858},{\"word\":\"Directory\",\"provider\":\"ICIBA\",\"time\":1677916062924},{\"word\":\"Naming\",\"provider\":\"ICIBA\",\"time\":1677916060028},{\"word\":\"Platform ClassLoader\",\"provider\":\"ICIBA\",\"time\":1677904116875},{\"word\":\"Platform\",\"provider\":\"ICIBA\",\"time\":1677904109153},{\"word\":\"jps 查看正在运行的java进程\\n\\n jstat -gcutil <pid> 500 20    连续查看各区域使用情况\\n\\n jmap -heap 16116 查看各区域大小及使用占比\",\"provider\":\"ICIBA\",\"time\":1677900673583},{\"word\":\"Print\",\"provider\":\"ICIBA\",\"time\":1677898649247},{\"word\":\"Flags\",\"provider\":\"ICIBA\",\"time\":1677898640002},{\"word\":\"Line\",\"provider\":\"ICIBA\",\"time\":1677898622994},{\"word\":\"Command\",\"provider\":\"ICIBA\",\"time\":1677898609214},{\"word\":\"CommandLine\",\"provider\":\"ICIBA\",\"time\":1677898603444},{\"word\":\"tCommand\",\"provider\":\"ICIBA\",\"time\":1677898599309},{\"word\":\"Scavenge\",\"provider\":\"ICIBA\",\"time\":1677898008327},{\"word\":\"Parallel\",\"provider\":\"ICIBA\",\"time\":1677896227076},{\"word\":\"Scavenge\",\"provider\":\"ICIBA\",\"time\":1677896217197},{\"word\":\"temperature\",\"provider\":\"ICIBA\",\"time\":1677890036223},{\"word\":\"conversation_list\",\"provider\":\"ICIBA\",\"time\":1677889860990},{\"word\":\"assitant\",\"provider\":\"ICIBA\",\"time\":1677889450659},{\"word\":\"prompt\",\"provider\":\"ICIBA\",\"time\":1677889440733},{\"word\":\"Too many requests in 1 hour. Try again later.\",\"provider\":\"ICIBA\",\"time\":1677888650093},{\"word\":\"Region\",\"provider\":\"ICIBA\",\"time\":1677857503561},{\"word\":\"v\",\"provider\":\"ICIBA\",\"time\":1677848795120},{\"word\":\"Old\",\"provider\":\"ICIBA\",\"time\":1677848782744},{\"word\":\"Parallel\",\"provider\":\"ICIBA\",\"time\":1677848777029},{\"word\":\"Scavenge\",\"provider\":\"ICIBA\",\"time\":1677848241142},{\"word\":\"Parallel\",\"provider\":\"ICIBA\",\"time\":1677847991427},{\"word\":\"Serial\",\"provider\":\"ICIBA\",\"time\":1677845972557},{\"word\":\"Parallel\",\"provider\":\"ICIBA\",\"time\":1677845931175},{\"word\":\"Old\",\"provider\":\"ICIBA\",\"time\":1677845923793},{\"word\":\"Parallel Scavenge\",\"provider\":\"ICIBA\",\"time\":1677845908913},{\"word\":\"Scavenge\",\"provider\":\"ICIBA\",\"time\":1677845902709},{\"word\":\"ParNew\",\"provider\":\"ICIBA\",\"time\":1677845890948},{\"word\":\"19、谈谈你知道的垃圾回收算法\",\"provider\":\"ICIBA\",\"time\":1677835824727},{\"word\":\"Survivor\",\"provider\":\"ICIBA\",\"time\":1677827056747},{\"word\":\"Native Stack\",\"provider\":\"ICIBA\",\"time\":1677769430510},{\"word\":\"A third-party OAuth application (Proxy-Tools.com Social Login) with user:email scope was recently authorized to access your account.\\nVisit https://github.com/settings/connections/applications/ac6a57e08beb83012815 for more information.\\n\\nTo see this and other security events for your account, visit https://github.com/settings/security-log\\n\\nIf you run into problems, please contact support by visiting https://github.com/contact\\n\\nThanks,\\nThe GitHub Team\",\"provider\":\"ICIBA\",\"time\":1677768832169},{\"word\":\"JVM试图定义一种统一的内存模型，屏蔽底层硬件、系统的差异。使在不同的硬件及系统都能达到相同的效果\",\"provider\":\"ICIBA\",\"time\":1677766651644},{\"word\":\"An error occurred. If this issue persists please contact us through our help center at help.openai.com.\",\"provider\":\"ICIBA\",\"time\":1677762856418},{\"word\":\"静态常量池(constant pool table)，用于存放编译器生成的各种字面量(Literal)和符号引用(Symbolic References)\",\"provider\":\"ICIBA\",\"time\":1677679593373},{\"word\":\"The Java Virtual Machine (JVM) includes several different constant pools that make up a crucial part of the JVM architecture. The constant pools store literals and symbols, which are used as references during the execution of Java programs. The main constant pools are the class file constant pool, the runtime constant pool, the global string constant pool, and the basic type wrapper class object constant pool. The class file constant pool stores information related to the particular class being executed and the runtime constant pool stores references to methods, fields, interfaces, and other class and instance information. The global string constant pool stores strings referenced by the program and the basic type wrapper class object constant pool stores objects used to represent the eight primitive types.\",\"provider\":\"ICIBA\",\"time\":1677676871581},{\"word\":\"An error occurred. If this issue persists please contact us through our help center at help.openai.com.\",\"provider\":\"ICIBA\",\"time\":1677660272564},{\"word\":\"This browser extension adds web access capability to ChatGPT. Get much more relevant and up-to-date answers from the chatbot!\",\"provider\":\"ICIBA\",\"time\":1677660051817},{\"word\":\"Driver\",\"provider\":\"ICIBA\",\"time\":1677656963352},{\"word\":\"s = ServiceLoader.load(Driver.class);\",\"provider\":\"ICIBA\",\"time\":1677656956261},{\"word\":\"We are excited to give you access to an early preview of the new Bing – your AI-powered answer engine.\\n\\nWe would love your feedback to make the new Bing even better.\\n\\nThanks – we appreciate you,\\n\\nThe Bing team\",\"provider\":\"ICIBA\",\"time\":1677654678875},{\"word\":\"klass\",\"provider\":\"ICIBA\",\"time\":1677593172445},{\"word\":\"Commits on Feb 21, 2023\",\"provider\":\"ICIBA\",\"time\":1677583265409},{\"word\":\"prompt\",\"provider\":\"ICIBA\",\"time\":1677576241421},{\"word\":\"Enables scavenging attempts before the CMS remark step. By default, this option is disabled.\",\"provider\":\"ICIBA\",\"time\":1677505188216},{\"word\":\"Sets the percentage of the old generation occupancy (0 to 100) at which to start a CMS collection cycle. The default value is set to -1. Any negative value (including the default) implies that -XX:CMSTriggerRatio is used to define the value of the initiating occupancy fraction.\",\"provider\":\"ICIBA\",\"time\":1677504272008},{\"word\":\"Sweep\",\"provider\":\"ICIBA\",\"time\":1677482578142},{\"word\":\"major\",\"provider\":\"ICIBA\",\"time\":1677472881158},{\"word\":\"ratio\",\"provider\":\"ICIBA\",\"time\":1677466521019},{\"word\":\"Serial\",\"provider\":\"ICIBA\",\"time\":1677466255390},{\"word\":\"UseSerialGC\",\"provider\":\"ICIBA\",\"time\":1677466249972},{\"word\":\"Young\",\"provider\":\"ICIBA\",\"time\":1677462866374},{\"word\":\"OutOfMemory\",\"provider\":\"GOOGLE_TRANSLATE\",\"time\":1677461163408},{\"word\":\"Minor\",\"provider\":\"ICIBA\",\"time\":1677461098999},{\"word\":\"survivor\",\"provider\":\"ICIBA\",\"time\":1677460263369},{\"word\":\"Alfred is an award-winning app for macOS which boosts your efficiency with hotkeys, keywords, text expansion and more. Search your Mac and the web, and be more productive with custom actions to control your Mac.\",\"provider\":\"ICIBA\",\"time\":1677249472781},{\"word\":\"产品系列:\",\"provider\":\"ICIBA\",\"time\":1677248608094},{\"word\":\"全部\",\"provider\":\"ICIBA\",\"time\":1677078951891},{\"word\":\"An error occurred. If this issue persists please contact us through our help center at help.openai.com.\",\"provider\":\"ICIBA\",\"time\":1677054720482},{\"word\":\"101.68MB\\n剩余流量\\n\\n下次重置：无流量重置\",\"provider\":\"ICIBA\",\"time\":1677048590792},{\"word\":\"As an AI language model, I do not have personal opinions or feelings towards any political party or organization, including the Chinese Communist Party. It is important to note that political beliefs and opinions are subjective and vary greatly among individuals and communities. It is always best to approach political topics with an open mind, a willingness to learn and understand different perspectives, and a respect for diverse viewpoints.\",\"provider\":\"ICIBA\",\"time\":1677042364087},{\"word\":\"Failed to load response from ChatGPT:\\nTypeError: Failed to fetch\",\"provider\":\"ICIBA\",\"time\":1676988590973},{\"word\":\"An error occurred. If this issue persists please contact us through our help center at help.openai.com.\",\"provider\":\"ICIBA\",\"time\":1676988508180},{\"word\":\"Too many requests in 1 hour. Try again later.\",\"provider\":\"ICIBA\",\"time\":1676987770474},{\"word\":\"Here are the changes made to the code:\\n\\nSimplified the initial check for url being a string of at least length 3.\\nRemoved unnecessary comments.\\nReordered the conditional statements for readability.\\nChanged split() to substring() for extracting the prefix and root.\\nSimplified the if statement for determining the final prefix.\\nExtracted the final suffix into a separate variable to simplify the return statement.\",\"provider\":\"ICIBA\",\"time\":1676981821268},{\"word\":\"Code: 422, Message: path cannot start with a slash\",\"provider\":\"ICIBA\",\"time\":1676910697944},{\"word\":\"这种方式下程序可以被动态地装入和重定位。在这种方式下，程序在执行时会根据需要动态地从磁盘中装入代码和数据，并将其重定位到内存中的适当位置，这样可以减少内存的占用，提\",\"provider\":\"ICIBA\",\"time\":1676881265168},{\"word\":\"死锁的检测可以\",\"provider\":\"ICIBA\",\"time\":1676814365378},{\"word\":\"22 (Taylor Swift song) - Wikipediahttps://en.wikipedia.org › wiki › 22_\",\"provider\":\"ICIBA\",\"time\":1676787278259},{\"word\":\"待队列进行阻塞。如果不满足则访问临界资源，当不再访问临界资源时设置信号量++。\",\"provider\":\"ICIBA\",\"time\":1676723158492},{\"word\":\"newValue\",\"provider\":\"ICIBA\",\"time\":1676709594803}]","iciba_store":"s{\"ICIBA\":{\"enableHotkey\":false,\"hotkey\":[],\"display\":true,\"icon\":\"searchIcon\",\"lowerCaseCapital\":false},\"GOOGLE_DICT\":{\"enableHotkey\":false,\"hotkey\":[],\"display\":true,\"icon\":\"type_0_google\",\"foldStatus\":\"0\"},\"GOOGLE_TRANSLATE\":{\"enableHotkey\":false,\"hotkey\":[],\"icon\":\"type_1_translate_281759\",\"display\":true,\"targetLanguage\":\"zh-CN\",\"secondTargetLanguage\":\"en\",\"xsrfToken\":\"AO-hD9yHntGhba4EkqSCu7CmhxyX:1677461144010\"},\"BAIDU_TRANSLATE\":{\"enableHotkey\":false,\"hotkey\":[],\"display\":true,\"icon\":\"baiduIcon\",\"targetLanguage\":\"zh\",\"secondTargetLanguage\":\"en\"},\"URBAN_DICTIONARY\":{\"enableHotkey\":false,\"hotkey\":[],\"display\":false,\"icon\":\"urbanDictionary\"},\"VOCABULARY\":{\"enableHotkey\":false,\"hotkey\":[],\"display\":false,\"icon\":\"logo\"},\"ALI_API_TRANSLATE\":{\"enableHotkey\":false,\"hotkey\":[],\"appId\":\"\",\"appKey\":\"\",\"display\":true,\"icon\":\"aliApiIcon\",\"targetLanguage\":\"zh\"},\"core\":{\"providerOrder\":[\"ICIBA\",\"GOOGLE_DICT\",\"GOOGLE_TRANSLATE\",\"BAIDU_TRANSLATE\",\"URBAN_DICTIONARY\",\"VOCABULARY\",\"ALI_API_TRANSLATE\"],\"defaultProvider\":\"ICIBA\",\"icibaCircleRightClick\":true,\"icibaCircleRightClickProvider\":\"GOOGLE_TRANSLATE\",\"icibaCircleNoCJK\":false,\"useIcibaCircle\":true,\"icibaCircleIcon\":\"default\",\"pressCtrlToDrag\":false,\"pressCtrlToShowCircle\":false,\"mouseOverTranslate\":false,\"icibaMainInputAutoFocus\":false,\"history\":false,\"showPin\":false,\"pinned\":false,\"selectionMaxLengthCut\":false,\"selectionMaxLength\":150,\"icibaMainWidth\":300,\"icibaCircleSize\":22,\"icibaCircleOffsetX\":7,\"icibaCircleOffsetY\":7,\"providerHotkeyAutoFocus\":false,\"useHotkeyShowUp\":false,\"hotkeyIcibaMainInputAutoFocus\":true,\"showUpHotkey\":[\"Alt\"]}}"}}