{"options":{"check_for_updates":true,"comment":null,"compat_foreach":false,"compat_metadata":false,"compat_powerful_this":null,"compat_wrappedjsobject":false,"compatopts_for_requires":true,"noframes":null,"override":{"merge_connects":true,"merge_excludes":true,"merge_includes":true,"merge_matches":true,"orig_connects":[],"orig_excludes":["http://www.iciba.com*"],"orig_includes":["http://*","https://*","file://*"],"orig_matches":[],"orig_noframes":null,"orig_run_at":"document-idle","use_blockers":[],"use_connects":["dict.iciba.com","res.iciba.com","content-dictionaryextension-pa.googleapis.com","translate.google.com","res-tts.iciba.com","fanyi.baidu.com"],"use_excludes":[],"use_includes":[],"use_matches":[]},"run_at":null,"sandbox":null,"tab_types":null,"unwrap":null},"settings":{"enabled":true,"position":22},"meta":{"name":"iciba划词翻译","uuid":"f4a7adfa-782d-41e1-896a-21800259c1af","modified":1674183804918,"file_url":"https://greasyfork.org/scripts/6303-iciba%E5%88%92%E8%AF%8D%E7%BF%BB%E8%AF%91/code/iciba%E5%88%92%E8%AF%8D%E7%BF%BB%E8%AF%91.user.js"}}