{"ts":1679060461508,"data":{"cfg":"o{\"Gesture\": {\"mouseButton\": 2,\"suppressionKey\": \"\",\"distanceThreshold\": 10,\"distanceSensitivity\": 10,\"Timeout\": {\"active\": false,\"duration\": 1}},\"Hinter\": {\"background\": \"ff0\",\"fontSize\": 40,\"lineColor\": \"0074d990\",\"minLineWidth\": 1,\"maxLineWidth\": 10,\"lineGrowth\": 0.6,\"funNotDefine\": \"  (◔ ‸◔)？\"},\"Drag\": {\"linktextAslink\": true,\"dragInTextarea\": true},\"directions\": 4,\"language\": \"zh\",\"gesture\": {\"2\": {\"name\": \"toTop\",\"arg\": [],\"alias\": \"到顶部\"},\"4\": {\"name\": \"back\",\"arg\": [],\"alias\": \"后退\"},\"6\": {\"name\": \"forward\",\"arg\": [],\"alias\": \"前进\"},\"8\": {\"name\": \"toBottom\",\"arg\": [],\"alias\": \"到底部\"},\"42\": {\"name\": \"reopenTab\",\"arg\": [],\"alias\": \"打开最近关闭窗口\"},\"64\": {\"name\": \"setting\",\"arg\": [],\"alias\": \"设置\"},\"82\": {\"name\": \"reload\",\"arg\": [],\"alias\": \"刷新\"},\"86\": {\"name\": \"close\",\"arg\": [],\"alias\": \"关闭\"}},\"text\": {\"6\": {\"name\": \"searchText\",\"arg\": [\"https://www.baidu.com/s?wd=\",true,true]},\"8\": {\"name\": \"copyText\",\"arg\": []}},\"link\": {\"6\": {\"name\": \"openLink\",\"arg\": []},\"8\": {\"name\": \"copyLink\",\"arg\": []}},\"image\": {\"2\": {\"name\": \"copyImgURL\",\"arg\": []},\"3\": {\"name\": \"selectImg\",\"arg\": []},\"4\": {\"name\": \"selectImg\",\"arg\": []},\"6\": {\"name\": \"searchImg\",\"arg\": [\"https://image.baidu.com/n/pc_search?queryImageUrl=U-R-L&uptype=urlsearch\",true,true]},\"8\": {\"name\": \"saveImg\",\"arg\": []}}}","closeAll":"sFri Mar 05 2021 14:54:06 GMT+0800 (中国标准时间)","latestTab":"shttps://greasyfork.org/zh-CN/scripts"}}