{"options":{"check_for_updates":true,"comment":null,"compat_foreach":false,"compat_metadata":false,"compat_powerful_this":null,"compat_wrappedjsobject":false,"compatopts_for_requires":true,"noframes":null,"override":{"merge_connects":true,"merge_excludes":true,"merge_includes":true,"merge_matches":true,"orig_connects":[],"orig_excludes":[],"orig_includes":[],"orig_matches":["*://movie.douban.com/subject/*"],"orig_noframes":null,"orig_run_at":"document-idle","use_blockers":[],"use_connects":[],"use_excludes":[],"use_includes":[],"use_matches":[]},"run_at":null,"sandbox":null,"tab_types":null,"unwrap":null},"settings":{"enabled":true,"position":19},"meta":{"name":"从豆瓣电影直接跳转茶杯狐搜索资源","uuid":"b2b00c7b-92d7-45a5-89ac-3084d449c066","modified":1672203755460,"file_url":"https://greasyfork.org/scripts/30020-%E4%BB%8E%E8%B1%86%E7%93%A3%E7%94%B5%E5%BD%B1%E7%9B%B4%E6%8E%A5%E8%B7%B3%E8%BD%AC%E8%8C%B6%E6%9D%AF%E7%8B%90%E6%90%9C%E7%B4%A2%E8%B5%84%E6%BA%90/code/%E4%BB%8E%E8%B1%86%E7%93%A3%E7%94%B5%E5%BD%B1%E7%9B%B4%E6%8E%A5%E8%B7%B3%E8%BD%AC%E8%8C%B6%E6%9D%AF%E7%8B%90%E6%90%9C%E7%B4%A2%E8%B5%84%E6%BA%90.user.js"}}