{"options":{"check_for_updates":true,"comment":null,"compat_foreach":false,"compat_metadata":false,"compat_powerful_this":null,"compat_wrappedjsobject":false,"compatopts_for_requires":true,"noframes":null,"override":{"merge_connects":true,"merge_excludes":true,"merge_includes":true,"merge_matches":true,"orig_excludes":[],"orig_includes":[],"orig_matches":["https://dl.pconline.com.cn/download/*","http://www.2234.cn/soft*","http://www.downza.cn/soft*","https://xiazai.zol.com.cn/detail*","https://www.pcsoft.com.cn/soft*","https://www.onlinedown.net/soft*"],"orig_noframes":null,"orig_run_at":"document-start","use_blockers":[],"use_connects":[],"use_excludes":[],"use_includes":[],"use_matches":[]},"run_at":null,"sandbox":null,"tab_types":null,"unwrap":null},"settings":{"enabled":true,"position":12},"meta":{"name":"干掉下崽器","uuid":"edab2f5c-2b43-467f-b1b1-fe0f7cb4c053","modified":1641707618330,"file_url":"https://greasyfork.org/scripts/435731-%E5%B9%B2%E6%8E%89%E4%B8%8B%E5%B4%BD%E5%99%A8/code/%E5%B9%B2%E6%8E%89%E4%B8%8B%E5%B4%BD%E5%99%A8.user.js"}}