{"options":{"check_for_updates":false,"comment":null,"compatopts_for_requires":true,"compat_wrappedjsobject":false,"compat_metadata":false,"compat_foreach":false,"compat_powerful_this":null,"sandbox":null,"noframes":null,"unwrap":null,"run_at":null,"tab_types":null,"override":{"merge_connects":true,"merge_excludes":true,"merge_includes":true,"merge_matches":true,"orig_connects":[],"orig_excludes":["http://127.0.0.1*","http://localhost*","http://192.168.*"],"orig_includes":[],"orig_matches":["*://*/*"],"orig_noframes":null,"orig_run_at":"document-idle","use_blockers":[],"use_connects":["example.com"],"use_excludes":["/^[^:/#?]*:\\/\\/([^#?/]*\\.)?www\\.douyin\\.com(:[0-9]{1,5})?\\/.*$/"],"use_includes":[],"use_matches":[]}},"settings":{"enabled":true,"position":20},"meta":{"name":"我的搜索","uuid":"185b90ea-8c24-4590-84f2-8ff2c8faf6c0","modified":1679059460818,"file_url":"https://greasyfork.org/scripts/457020-%E6%88%91%E7%9A%84%E6%90%9C%E7%B4%A2/code/%E6%88%91%E7%9A%84%E6%90%9C%E7%B4%A2.user.js"}}