{"options":{"check_for_updates":true,"comment":null,"compat_foreach":false,"compat_metadata":false,"compat_powerful_this":null,"compat_wrappedjsobject":false,"compatopts_for_requires":true,"noframes":null,"override":{"merge_connects":true,"merge_excludes":true,"merge_includes":true,"merge_matches":true,"orig_connects":[],"orig_excludes":["https://juejin.cn/oauth-result/*"],"orig_includes":[],"orig_matches":["https://juejin.cn/*"],"orig_noframes":null,"orig_run_at":"document-idle","use_blockers":[],"use_connects":[],"use_excludes":[],"use_includes":[],"use_matches":[]},"run_at":null,"sandbox":null,"tab_types":null,"unwrap":null},"settings":{"enabled":true,"position":16},"meta":{"name":"掘金 Plus","uuid":"f36174ce-86c2-49ce-b3c2-7f0866643ea8","modified":1665027359301,"file_url":"https://greasyfork.org/scripts/452385-%E6%8E%98%E9%87%91-plus/code/%E6%8E%98%E9%87%91%20Plus.user.js"}}