{"ts":1674908239499,"data":{"menu_darkMode":"btrue","menu_darkModeAuto":"bfalse","menu_darkModeType":"n1","menu_hideTitle":"btrue","menu_picHeight":"btrue","menu_postimg":"btrue","menu_widescreenDisplay":"btrue","menu_widescreenDisplayCollection":"btrue","menu_widescreenDisplayIndex":"btrue","menu_widescreenDisplayPeople":"bfalse","menu_widescreenDisplayPost":"bfalse","menu_widescreenDisplayQuestion":"btrue","menu_widescreenDisplaySearch":"btrue","menu_widescreenDisplayWidth":"s1000","xiu2_menu_hideTitle":"btrue","xiu2_menu_picHeight":"btrue","xiu2_menu_postimg":"btrue","xiu2_menu_widescreenDisplay":"btrue"}}