{"options":{"check_for_updates":true,"comment":null,"compat_foreach":false,"compat_metadata":false,"compat_powerful_this":null,"compat_wrappedjsobject":false,"compatopts_for_requires":true,"noframes":null,"override":{"merge_connects":true,"merge_excludes":true,"merge_includes":true,"merge_matches":true,"orig_connects":[],"orig_excludes":[],"orig_includes":[],"orig_matches":["*://*/*"],"orig_noframes":null,"orig_run_at":"document-start","use_blockers":[],"use_connects":[],"use_excludes":["/^[^:/#?]*:\\/\\/([^#?/]*\\.)?chat\\.openai\\.com(:[0-9]{1,5})?\\/.*$/"],"use_includes":[],"use_matches":[]},"run_at":null,"sandbox":null,"tab_types":null,"unwrap":null},"settings":{"enabled":true,"position":17},"meta":{"name":"简单滚动条美化","uuid":"839e2787-61d6-4405-9a40-d16e174b9b2d","modified":1665751980077,"file_url":"https://greasyfork.org/scripts/431435-%E7%AE%80%E5%8D%95%E6%BB%9A%E5%8A%A8%E6%9D%A1%E7%BE%8E%E5%8C%96/code/%E7%AE%80%E5%8D%95%E6%BB%9A%E5%8A%A8%E6%9D%A1%E7%BE%8E%E5%8C%96.user.js"}}