{"options":{"check_for_updates":true,"comment":null,"compat_foreach":false,"compat_metadata":false,"compat_powerful_this":null,"compat_wrappedjsobject":false,"compatopts_for_requires":true,"noframes":null,"override":{"merge_connects":true,"merge_excludes":true,"merge_includes":true,"merge_matches":true,"orig_connects":["eemm.me"],"orig_excludes":["*www.bilibili.com/video*","*www.bilibili.com/v*","*www.bilibili.com/s/*","*www.bilibili.com/bangumi*","https://www.bilibili.com/medialist/play/*","*www.youtube.com/watch*","*www.panda.tv*","*www.github.com*","https://lanhuapp.com/*","https://www.douyu.com/*","https://www.zhihu.com/signin?*","https://tieba.baidu.com/*","https://v.qq.com/*","*.taobao.com/*","*tmall.com*","*signin*"],"orig_includes":[],"orig_matches":["*://*/*"],"orig_noframes":null,"orig_run_at":"document-start","use_blockers":[],"use_connects":[],"use_excludes":[],"use_includes":[],"use_matches":[]},"run_at":null,"sandbox":null,"tab_types":null,"unwrap":null},"settings":{"enabled":false,"position":1},"meta":{"name":"网页限制解除(改)","uuid":"f8ea9fef-b0d4-483a-9488-39c4a6105e42","modified":1671514366768,"file_url":"https://greasyfork.org/scripts/28497-%E7%BD%91%E9%A1%B5%E9%99%90%E5%88%B6%E8%A7%A3%E9%99%A4-%E6%94%B9/code/Remove%20web%20limits(modified).user.js"}}