{"options":{"check_for_updates":true,"comment":null,"compat_foreach":false,"compat_metadata":false,"compat_powerful_this":null,"compat_wrappedjsobject":false,"compatopts_for_requires":true,"noframes":null,"override":{"merge_connects":true,"merge_excludes":true,"merge_includes":true,"merge_matches":true,"orig_connects":["fanyi.baidu.com","translate.google.com","ifanyi.iciba.com","www.bing.com","fanyi.youdao.com","dict.youdao.com","m.youdao.com","api.interpreter.caiyunai.com","papago.naver.com","fanyi.qq.com","translate.alibaba.com","www2.deepl.com"],"orig_excludes":[],"orig_includes":[],"orig_matches":["*://*.twitter.com/*","*://*.youtube.com/*","*://*.facebook.com/*","*://*.reddit.com/*","*://*.5ch.net/*","*://*.discord.com/*","*://*.telegram.org/*"],"orig_noframes":null,"orig_run_at":"document-body","use_blockers":[],"use_connects":[],"use_excludes":[],"use_includes":[],"use_matches":[]},"run_at":null,"sandbox":null,"tab_types":null,"unwrap":null},"settings":{"enabled":true,"position":24},"meta":{"name":"翻译机","uuid":"04ab9648-0320-4906-89d3-3815fbd8d042","modified":1678175650170,"file_url":"https://greasyfork.org/scripts/378277-%E7%BF%BB%E8%AF%91%E6%9C%BA/code/%E7%BF%BB%E8%AF%91%E6%9C%BA.user.js"}}