{"options":{"check_for_updates":false,"comment":null,"compat_foreach":false,"compat_metadata":false,"compat_powerful_this":null,"compat_wrappedjsobject":false,"compatopts_for_requires":true,"noframes":null,"override":{"merge_connects":true,"merge_excludes":true,"merge_includes":true,"merge_matches":true,"orig_connects":[],"orig_excludes":["http://127.0.0.1*","http://localhost*","http://192.168.*"],"orig_includes":[],"orig_matches":["*://*/*"],"orig_noframes":null,"orig_run_at":"document-idle","use_blockers":[],"use_connects":[],"use_excludes":[],"use_includes":[],"use_matches":[]},"run_at":null,"sandbox":null,"tab_types":null,"unwrap":null},"settings":{"enabled":true,"position":18},"meta":{"name":"记住阅读进度","uuid":"c8f968c3-627d-4896-bd70-af4cc887b009","modified":1672806386279,"file_url":"https://greasyfork.org/scripts/452142-%E8%AE%B0%E4%BD%8F%E9%98%85%E8%AF%BB%E8%BF%9B%E5%BA%A6/code/%E8%AE%B0%E4%BD%8F%E9%98%85%E8%AF%BB%E8%BF%9B%E5%BA%A6.user.js"}}