﻿<?xml version="1.0" encoding="UTF-8" ?>
<root>
	<node process="C+WClient.exe" type="32" nickname="天翼"/>
	<node process="tianyi.exe" type="32" nickname="天翼"/>
	<node process="CWCleanTools.exe" type="32" nickname="天翼"/>
	<node process="ESurfingClient.exe" type="32" nickname="天翼"/>
	<node process="NetQualityMonitor.exe" type="32" nickname="天翼"/>
	<node process="srun3000.exe" type="32" nickname="深澜"/>
	<node process="srun3k.exe" type="32" nickname="深澜"/>
	<node process="srun3" type="32" nickname="深澜"/>
	<node process="srun3000 (1).exe" type="32" nickname="深澜"/>
	<node process="srun3k[1].exe" type="32" nickname="深澜"/>
	<node process="Digitalchina.exe" type="32" nickname="神州数码"/>
	<node process="DigitalChinaSupplicant.exe" type="32" nickname="神州数码"/>
	<node process="WhistlePlatform.exe" type="32" nickname="微哨"/>
	<node process="rgwpasvc.exe" type="32" nickname="微哨"/>
	<node process="NSUAAAC.exe" type="32" nickname="AAA"/>
	<node process="NSUAAAC.exe" type="64" nickname="AAA"/>
	<node process="Netkeeper.exe" type="32" nickname="闪讯"/>
	<node process="shanxun.exe" type="32" nickname="闪讯"/>
	<node process="singleNet.exe" type="32" nickname="闪讯"/>
	<node process="ishare_user.exe" type="32" nickname="DR.COM"/>
	<node process="DrMain.exe" type="32" nickname="DR.COM"/>
	<node process="Supplicant.exe" type="32" nickname="安朗"/>
	<node process="Auth_Supplicant.exe" type="32" nickname="安朗"/>
	<node process="Auth_clients.exe" type="32" nickname="安朗"/>
	<node process="DrClient.exe" type="32" nickname="DR.COM"/>
	<node process="AuthenMngService.exe" type="32" nickname="iNode"/>
	<node process="iNode Client.exe" type="32" nickname="iNode"/>
	<node process="iNodeMon.exe" type="32" nickname="iNode"/>
	<node process="iNodeCmn.exe" type="32" nickname="iNode"/>
	<node process="iNodeSec.exe" type="32" nickname="iNode"/>
	<node process="iNode1x.exe" type="32" nickname="iNode"/>
	<node process="ztesupplicant.exe" type="32" nickname="中兴认证"/>
	<node process="tyfy.exe" type="32" nickname="飞YOUNG"/>
	<node process="8021x.exe" type="32" nickname="锐捷"/>
	<node process="8021x.exe" type="64" nickname="锐捷"/>
	<node process="racer.exe" type="32" nickname="宽带我世界"/>
	<node process="ecp.exe" type="32" nickname="湖北E信"/>
	<node process="DigitalChinaSupplicant.exe" type="32" nickname="神州数码"/>
	<node process="DigitalChinaSupplicantForWin32.exe" type="32" nickname="神州数码"/>
	<node process="RuijieSupplicant.exe" type="32" nickname="锐捷"/>
	<node process="xClient.exe" type="32" nickname="H3C"/>
	<node process="matrix-pppoe-tyfy.exe" type="32" nickname="天翼飞YOUNG"/>
	<node process="Dialterminal.exe" type="32" nickname="天翼"/>
	<node process="chinaunicomV1.0.exe" type="32" nickname="联通"/>
	<node process="chinaunicomV2.0.exe" type="32" nickname="联通"/>
	<node process="AuthClient.exe" type="32" nickname="联通"/>
	<node process="userclient_liantong.exe" type="32" nickname="联通"/>
	<node process="userclient_liantong(1).exe" type="32" nickname="联通"/>
	<node process="XinliGREClient.exe" type="32" nickname="虚拟ADSL"/>
	<node process="ADSL2.5.exe" type="32" nickname="物业宽带"/>
	<node process="Glaclient.exe" type="32" nickname="冰川"/>
	<node process="UserClient_simple.exe" type="32" nickname="联通"/>
	<node process="NSUCC.exe" type="32" nickname="CC"/>
	<node process="ARService.exe" type="32" nickname="白城医学"/>
	<node process="广职院信息服务.exe" type="32" nickname="天翼"/>
	<node process="ESurfingSvr.exe" type="32" nickname="天翼"/>
	<node process="GhcaPppoeDialer.exe" type="32" nickname="天翼飞YOUNG"/>
	<node process="G3 eWalk.exe" type="32" nickname="随e行"/>
	<node process="Vpn_Supplicant.exe" type="32" nickname="天翼"/>
	<node process="广州电信Young网络客户端.exe" type="32" nickname="安朗"/>
	<node process="GiWiFiAssist.exe" type="32" nickname="GiWiFi"/>
</root>
