{
	"pages": [ //pages数组中第一项表示应用启动页，参考：https://uniapp.dcloud.io/collocation/pages
		{
			"path": "pages/index/index",
			"style": {
				"navigationBarTitleText": "首页"
			}
		},
		{
			"path": "pages/classification/classification",
			"style": {
				"navigationBarTitleText": "商品分类"
			}
		},
		{
			"path": "pages/cart/cart",
			"style": {
				"navigationBarTitleText": "购物车"
			}
		},
		{
			"path": "pages/my/my",
			"style": {
				"navigationBarTitleText": "个人中心"
			}
		},
		{
			"path": "pages/test/test",
			"style": {
				"navigationBarTitleText": "测试页",
				"enablePullDownRefresh": true
			}
		}
	],
	"condition": {
		"current": 0,
		"list": [{
			"name": "测试页",
			"path": "pages/test/test",
			"query": "id=66"
		}]
	},
	"globalStyle": {
		"navigationBarTextStyle": "black",
		"navigationBarTitleText": "uni-app开发",
		"navigationBarBackgroundColor": "#4EEE94",
		"backgroundColor": "#F8F8F8"
	},
	"uniIdRouter": {},
	"tabBar": {
		"color": "#a2a2a2",
		"selectedColor": "#B22222",
		"backgroundColor": "#FFFAFA",
		"borderStyle": "black",
		"position": "bottom",
		"list": [{
				"text": "主页",
				"pagePath": "pages/index/index",
				"iconPath": "static/tabbar/icon/_cart.png",
				"selectedIconPath": "static/tabbar/icon/cart.png"
			},
			{
				"text": "分类",
				"pagePath": "pages/classification/classification",
				"iconPath": "static/tabbar/icon/_classification.png",
				"selectedIconPath": "static/tabbar/icon/classification.png"
			},
			{
				"text": "购物车",
				"pagePath": "pages/cart/cart",
				"iconPath": "static/tabbar/icon/_cart.png",
				"selectedIconPath": "static/tabbar/icon/cart.png"
			},
			{
				"text": "我的",
				"pagePath": "pages/my/my",
				"iconPath": "static/tabbar/icon/_my.png",
				"selectedIconPath": "static/tabbar/icon/my.png"
			}
		]
	}
}